{
  "id": "rnk-hide-em",
  "title": "RNK Hide 'Em",
  "version": "2.2.8",
  "description": "Advanced hotbar customization module.",
  "protected": true,
  "compatibility": {
    "minimum": "12",
    "verified": "13"
  },
  "authors": [
    { "name": "Asgard Innovations", "url": "https://github.com/RNK-Enterprise", "email": "asgardinnovations@protonmail.com" }
  ],
  "url": "https://github.com/RNK-Enterprise/rnk-hide-em",
  "manifest": "https://r2.foundryvtt.com/packages-public/rnk-hide-em/module.json",
  "esmodules": [
    "scripts/module.js",
    "scripts/constants.js",
    "scripts/utils.js",
    "scripts/settings.js",
    "scripts/config.js",
    "scripts/hooks.js",
    "scripts/styles.js",
    "scripts/features/animation.js",
    "scripts/features/presets.js",
    "scripts/features/export-import.js"
  ],
  "styles": ["styles/module.css"],
  "languages": [
    { "lang": "en", "name": "English", "path": "lang/en.json" }
  ]
}