{
    "id":  "rnk-hide-em",
    "title":  "RNK™ Hide 'Em",
    "version":  "2.0.8",
    "description":  "Advanced hotbar customization module with animation, opacity control, presets, and per-player visibility settings. Hide slots, pages, or controls with smooth transitions.",
    "protected":  true,
    "media":  [
                  {
                      "type":  "icon",
                      "url":  "assets/rnk-0.jpg"
                  },
                  {
                      "type":  "cover",
                      "url":  "assets/rnk-1.jpg"
                  }
              ],
    "compatibility":  {
                          "minimum":  "11",
                          "verified":  "13"
                      },
    "authors":  [
                    {
                        "name":  "Asgard Innovations / RNKÃ¢â€žÂ¢",
                        "url":  "https://github.com/RNK-Enterprise"
                    }
                ],
    "url":  "https://github.com/RNK-Enterprise/rnk-hide-em",
    "manifest":  "https://r2.foundryvtt.com/packages-public/rnk-hide-em/module.json",
    "license":  "https://github.com/RNK-Enterprise/rnk-hide-em/blob/main/LICENSE",
    "readme":  "https://github.com/RNK-Enterprise/rnk-hide-em/blob/main/README.md",
    "bugs":  "https://github.com/RNK-Enterprise/rnk-hide-em/issues",
    "changelog":  "https://github.com/RNK-Enterprise/rnk-hide-em/releases",
    "esmodules":  [
                      "scripts/module.js",
                      "scripts/constants.js",
                      "scripts/utils.js",
                      "scripts/settings.js",
                      "scripts/config.js",
                      "scripts/hooks.js",
                      "scripts/styles.js",
                      "scripts/features/animation.js",
                      "scripts/features/presets.js",
                      "scripts/features/export-import.js"
                  ],
    "styles":  [
                   "styles/module.css"
               ],
    "languages":  [
                      {
                          "lang":  "en",
                          "name":  "English",
                          "path":  "lang/en.json"
                      }
                  ]
}
